{
  "unique_chars": 26,
  "total_chars": 483999,
  "char_frequencies": {
    " ": 0.24155215196725613,
    "e": 0.0631964115628338,
    "B": 0.05962409013241763,
    "6": 0.058363756949911055,
    "d": 0.05827078155120155,
    "3": 0.05263853850937709,
    "5": 0.0430868658819543,
    "c": 0.041374052425728156,
    "O": 0.03758272227835181,
    "N": 0.036793464449306715,
    "x": 0.032741803185543775,
    "R": 0.03213229779400371,
    "f": 0.032018661195580986,
    "a": 0.02161574713997343,
    "1": 0.02158888758034624,
    "h": 0.02148144934183748,
    "-": 0.02141326738278385,
    "8": 0.02137607722330005,
    "b": 0.016440116611811183,
    "4": 0.016316149413531846,
    "Q": 0.016140529215969455,
    "g": 0.012814076062140625,
    "K": 0.010832667009642583,
    "7": 0.010814071929900682,
    "2": 0.010495889454317054,
    "\n": 0.009295473750978825
  },
  "most_common": [
    [
      " ",
      116911
    ],
    [
      "e",
      30587
    ],
    [
      "B",
      28858
    ],
    [
      "6",
      28248
    ],
    [
      "d",
      28203
    ],
    [
      "3",
      25477
    ],
    [
      "5",
      20854
    ],
    [
      "c",
      20025
    ],
    [
      "O",
      18190
    ],
    [
      "N",
      17808
    ],
    [
      "x",
      15847
    ],
    [
      "R",
      15552
    ],
    [
      "f",
      15497
    ],
    [
      "a",
      10462
    ],
    [
      "1",
      10449
    ],
    [
      "h",
      10397
    ],
    [
      "-",
      10364
    ],
    [
      "8",
      10346
    ],
    [
      "b",
      7957
    ],
    [
      "4",
      7897
    ]
  ],
  "sample": "g3 e5 dxe5 b3 Nc3 Bc5 b6 Be2 b6 Bc4 O-O h6 Nf3 Kh8 Re1 Kh1 b3 b3 h3 Bb5 b6 h6 Qe7 Kh8 Be2 Kh1 Re1 Rad8 h3 a3 Qd3 Rad1 Nxd5 a3 Nc6 Bd6 b6 Bc4 Qd3 Nf3\nc4 c5 Bc4 d6 c6 Re1 Kh1 Qe2 Kh1 Bd3 Qd3 Nf3 Nxe5 Bc5 Be7 Re1 d6 Nxe5 c3 Bd6 Bc4 Qe7 d6 O-O exd5 Nxe5 Be2 a3 Bc4 d3 Nxd5\ng3 d5 O-O-O Be2 exd5 Rad1 Be7 d3 d3 b3 Nf6 Nc3 Nxe5 Nf6 Re8 a6 Bxc6 Rfe8 Nf6 Nf6 dxe5 Bb5 dxe5 Nf6 Re8\nd4 e6 Qe2 Qe7 b3 a3 Nxe5 Qd3 exd5 O-O Re1 Nxe5 Bg4 Nxe5 Rad8\ng3 Nf6 Bc5 Bxc6 Bg5 Bc5 d3 d6 Re8 Nc3 Kh1 Qe7 Nf3 a3 Bb5 Bxc6 d6 c3",
  "num_train_games": 4500,
  "num_val_games": 500,
  "synthetic": true
}